"","X","City","Population","Violentcrime","Murder.andnonnegligentmanslaughter","Rape.reviseddefinition.1","Rape.legacydefinition.2","Robbery","Aggravatedassault","Propertycrime","Burglary","Larceny.theft","Motorvehicletheft","Arson"
"1",1,"Adelanto","33,005","212",2,"14",NA,"48","148","808","434","254","120","24"
"2",2,"Agoura Hills","20,970","15",0,"1",NA,"6","8","310","82","217","11","0"
"3",3,"Alameda","78,613","148",2,"7",NA,"61","78","1,819","228","1,245","346","18"
"4",4,"Albany","19,723","34",1,"6",NA,"16","11","605","95","447","63","0"
"5",5,"Alhambra3","86,175","168",1,"13",NA,"74","80","1,929","305","1,413","211","6"
"6",6,"Aliso Viejo","50,751","32",0,"5",NA,"3","24","363","53","276","34","1"
"7",7,"Alturas3","2,566","35",0,"13",NA,"2","20","61","9","48","4","4"
"8",8,"American Canyon3","20,687","58",1,"7",NA,"21","29","634","97","493","44","2"
"9",9,"Anaheim3","349,471","1,271",18,"129",NA,"439","685","10,038","1,476","6,893","1,669","28"
"10",10,"Anderson","10,277","88",0,"4",NA,"9","75","474","60","358","56","2"
"11",11,"Antioch","110,537","771",7,"53",NA,"280","431","3,912","862","2,026","1,024","36"
"12",12,"Apple Valley","72,173","234",1,"15",NA,"50","168","1,878","427","1,187","264","14"
"13",13,"Arcadia","58,694","68",1,"6",NA,"31","30","1,272","316","892","64","3"
"14",14,"Arcata3","17,789","54",2,"7",NA,"11","34","670","160","443","67","18"
"15",15,"Arroyo Grande3","18,071","35",0,"2",NA,"6","27","418","83","299","36","0"
"16",16,"Artesia","16,988","84",0,"2",NA,"30","52","468","99","258","111","3"
"17",17,"Arvin","20,902","149",3,"1",NA,"14","131","457","143","201","113","16"
"18",18,"Atascadero3","29,316","90",0,"11",NA,"15","64","475","119","323","33","5"
"19",19,"Atherton","7,205","3",0,"1",NA,"2","0","86","30","54","2","1"
"20",20,"Atwater","29,219","197",3,"8",NA,"26","160","1,099","167","757","175","10"
"21",21,"Auburn","14,118","45",0,"2",NA,"7","36","260","56","178","26","0"
"22",22,"Avalon","3,820","12",0,"2",NA,"1","9","56","12","39","5","0"
"23",23,"Avenal3","12,859","25",2,"1",NA,"4","18","196","58","118","20","0"
"24",24,"Azusa","49,431","173",2,"13",NA,"49","109","1,212","232","784","196","7"
"25",25,"Bakersfield","373,887","1,810",22,"71",NA,"655","1,062","15,559","3,877","9,288","2,394","339"
"26",26,"Baldwin Park3","77,538","299",1,"34",NA,"77","187","1,442","243","868","331","5"
"27",27,"Banning","31,030","197",8,"29",NA,"29","131","608","248","221","139","0"
"28",28,"Barstow","23,700","283",2,"12",NA,"70","199","1,037","447","408","182","15"
"29",29,"Bear Valley3","5,428","5",1,"1",NA,"0","3","67","4","63","0","0"
"30",30,"Beaumont","43,626","138",1,"17",NA,"21","99","887","157","582","148","4"
"31",31,"Bell","36,395","221",1,"17",NA,"70","133","772","194","443","135","0"
"32",32,"Bellflower","78,635","373",1,"21",NA,"152","199","1,825","452","816","557","13"
"33",33,"Bell Gardens3","43,411","137",0,"6",NA,"51","80","782","91","392","299","9"
"34",34,"Belmont","27,377","26",1,"3",NA,"5","17","447","65","341","41","2"
"35",35,"Belvedere","2,144","0",0,"0",NA,"0","0","29","3","25","1","0"
"36",36,"Benicia","28,159","29",0,"7",NA,"8","14","512","112","338","62","8"
"37",37,"Berkeley","120,387","530",1,"44",NA,"330","155","5,906","1,090","4,099","717","22"
"38",38,"Beverly Hills3","35,054","99",1,"9",NA,"40","49","1,236","234","930","72","4"
"39",39,"Big Bear Lake","5,209","54",0,"5",NA,"5","44","248","75","157","16","6"
"40",40,"Biggs3","1,712","24",0,"1",NA,"1","22","28","5","14","9","0"
"41",41,"Bishop3","3,833","38",0,"2",NA,"4","32","105","12","85","8","0"
"42",42,"Blythe","18,961","90",1,"7",NA,"22","60","847","293","529","25","23"
"43",43,"Bradbury","1,097","1",0,"0",NA,"0","1","10","6","3","1","0"
"44",44,"Brawley3","26,023","146",1,"8",NA,"14","123","958","260","654","44","18"
"45",45,"Brea3","42,043","80",0,"2",NA,"31","47","1,257","153","1,035","69","2"
"46",46,"Brentwood","58,398","110",0,"17",NA,"43","50","1,288","158","985","145","7"
"47",47,"Brisbane","4,696","9",0,"1",NA,"1","7","92","36","49","7","0"
"48",48,"Broadmoor","4,382","16",0,"0",NA,"6","10","80","35","29","16","0"
"49",49,"Buellton3","5,097","4",0,"1",NA,"1","2","54","15","39","0","0"
"50",50,"Buena Park3","83,684","237",1,"19",NA,"67","150","2,549","332","1,831","386","5"
"51",51,"Burbank","105,865","159",1,"10",NA,"50","98","2,656","297","2,136","223","13"
"52",52,"Burlingame","30,672","45",1,"6",NA,"11","27","948","192","626","130","2"
"53",53,"Calabasas","24,505","15",0,"5",NA,"9","1","272","57","201","14","2"
"54",54,"Calexico3","40,085","169",0,"2",NA,"41","126","1,567","367","911","289","21"
"55",55,"California City","13,218","121",0,"5",NA,"20","96","516","270","218","28","1"
"56",56,"Calimesa","8,553","17",0,"0",NA,"5","12","291","71","186","34","0"
"57",57,"Calistoga","5,338","11",1,"2",NA,"1","7","81","10","64","7","1"
"58",58,"Camarillo","67,325","114",2,"16",NA,"30","66","1,116","217","840","59","17"
"59",59,"Campbell","41,544","88",1,"11",NA,"30","46","1,393","247","1,004","142","14"
"60",60,"Canyon Lake","11,112","7",0,"0",NA,"1","6","93","18","59","16","0"
"61",61,"Capitola","10,201","28",0,"2",NA,"12","14","658","41","585","32","1"
"62",62,"Carlsbad","113,972","172",0,"33",NA,"38","101","2,134","366","1,627","141","8"
"63",63,"Carmel","3,913","10",0,"2",NA,"0","8","114","28","79","7","0"
"64",64,"Carpinteria","13,829","11",0,"0",NA,"2","9","206","45","147","14","3"
"65",65,"Carson","93,677","433",7,"14",NA,"115","297","2,146","469","1,282","395","10"
"66",66,"Cathedral City","53,947","117",3,"13",NA,"49","52","1,152","327","505","320","4"
"67",67,"Central Marin","35,272","40",0,"8",NA,"10","22","757","282","417","58","0"
"68",68,"Ceres","47,693","122",0,"10",NA,"55","57","1,606","232","920","454","4"
"69",69,"Cerritos","50,238","91",0,"7",NA,"46","38","1,899","354","1,324","221","1"
"70",70,"Chico3","89,949","317",2,"59",NA,"87","169","3,634","642","2,591","401","191"
"71",71,"Chino","86,344","221",0,"21",NA,"53","147","2,138","375","1,501","262","9"
"72",72,"Chino Hills","77,515","70",0,"7",NA,"23","40","1,073","216","761","96","1"
"73",73,"Chowchilla","18,978","74",0,"2",NA,"4","68","329","91","197","41","7"
"74",74,"Chula Vista","265,215","705",6,"63",NA,"239","397","4,619","710","3,093","816","27"
"75",75,"Citrus Heights","86,853","385",4,"36",NA,"113","232","2,586","375","1,942","269","6"
"76",76,"City of Angels3","3,738","17",0,"1",NA,"1","15","57","9","37","11","0"
"77",77,"Claremont3","36,331","64",1,"12",NA,"15","36","985","249","674","62","1"
"78",78,"Clayton","11,879","11",0,"0",NA,"2","9","150","26","105","19","1"
"79",79,"Clearlake3","15,044","117",5,"6",NA,"27","79","614","223","302","89","6"
"80",80,"Cloverdale","8,839","15",0,"2",NA,"5","8","119","22","87","10","0"
"81",81,"Clovis","103,769","239",1,"26",NA,"70","142","3,083","420","2,454","209","5"
"82",82,"Coachella","44,953","153",3,"3",NA,"51","96","1,238","200","802","236","6"
"83",83,"Coalinga","16,073","105",0,"9",NA,"5","91","316","85","204","27","11"
"84",84,"Colma3","1,531","12",0,"1",NA,"3","8","275","41","208","26","0"
"85",85,"Colton","54,503","185",3,"11",NA,"77","94","1,715","361","889","465","3"
"86",86,"Colusa3","5,937","6",0,"2",NA,"2","2","127","43","71","13","0"
"87",87,"Commerce","13,137","93",2,"10",NA,"28","53","1,247","100","798","349","8"
"88",88,"Compton","99,125","988",13,"33",NA,"332","610","2,410","496","1,147","767","53"
"89",89,"Concord","128,767","491",4,"29",NA,"182","276","4,618","594","3,068","956","8"
"90",90,"Corcoran3","22,435","104",0,"4",NA,"13","87","398","107","212","79","5"
"91",91,"Corning","7,527","44",0,"2",NA,"5","37","254","74","155","25","6"
"92",92,"Corona","163,633","212",5,"30",NA,"98","79","3,727","615","2,646","466","13"
"93",93,"Coronado","25,138","26",0,"5",NA,"1","20","379","55","307","17","3"
"94",94,"Costa Mesa3","113,477","386",1,"53",NA,"122","210","4,723","698","3,558","467","18"
"95",95,"Cotati","7,469","32",0,"10",NA,"1","21","108","32","61","15","1"
"96",96,"Covina3","49,300","108",1,"8",NA,"33","66","1,129","238","753","138","8"
"97",97,"Crescent City3","6,599","41",0,"5",NA,"1","35","152","50","90","12","1"
"98",98,"Cudahy","24,410","78",1,"6",NA,"22","49","307","48","177","82","0"
"99",99,"Culver City","39,890","156",0,"4",NA,"78","74","1,919","214","1,598","107","0"
"100",100,"Cupertino","61,162","63",0,"8",NA,"27","28","935","293","583","59","7"
"101",101,"Cypress3","49,560","56",0,"3",NA,"23","30","889","146","646","97","4"
"102",102,"Daly City","107,320","234",0,"26",NA,"89","119","1,778","320","1,200","258","8"
"103",103,"Dana Point","34,312","57",0,"9",NA,"12","36","589","120","417","52","1"
"104",104,"Danville","44,401","16",1,"2",NA,"6","7","490","114","350","26","2"
"105",105,"Davis","67,034","95",2,"16",NA,"40","37","1,718","281","1,332","105","9"
"106",106,"Delano","52,534","219",4,"9",NA,"52","154","1,376","267","748","361","26"
"107",107,"Del Mar","4,346","10",0,"2",NA,"0","8","176","47","122","7","1"
"108",108,"Del Rey Oaks","1,696","5",0,"2",NA,"0","3","35","7","26","2","0"
"109",109,"Desert Hot Springs","28,416","232",7,"16",NA,"62","147","1,110","459","311","340","9"
"110",110,"Diamond Bar","57,085","58",1,"4",NA,"28","25","804","280","427","97","3"
"111",111,"Dinuba3","24,223","175",1,"5",NA,"13","156","816","163","536","117","7"
"112",112,"Dixon","19,357","54",1,"5",NA,"14","34","458","77","340","41","0"
"113",113,"Dorris3","894","5",0,"1",NA,"0","4","27","6","18","3","0"
"114",114,"Dos Palos","5,112","50",1,"7",NA,"3","39","131","51","64","16","0"
"115",115,"Downey3","114,754","335",7,"23",NA,"173","132","2,892","514","1,586","792","17"
"116",116,"Duarte","22,171","72",0,"3",NA,"19","50","367","68","233","66","0"
"117",117,"Dublin","57,148","68",0,"5",NA,"17","46","997","115","758","124","1"
"118",118,"Dunsmuir3","1,557","2",0,"1",NA,"0","1","23","9","10","4","0"
"119",119,"East Palo Alto3","29,864","181",4,"20",NA,"81","76","652","126","394","132","9"
"120",120,"Eastvale","57,808","40",0,"3",NA,"13","24","904","92","702","110","1"
"121",121,"El Cajon","103,942","360",2,"50",NA,"107","201","2,267","387","1,517","363","15"
"122",122,"El Centro3","44,033","164",1,"10",NA,"56","97","2,667","493","1,983","191","11"
"123",123,"El Cerrito","24,842","97",1,"2",NA,"68","26","1,231","211","899","121","2"
"124",124,"Elk Grove","166,183","586",1,"33",NA,"105","447","3,120","589","2,294","237","4"
"125",125,"El Monte3","117,376","400",8,"21",NA,"143","228","2,132","461","991","680","29"
"126",126,"El Segundo3","17,164","41",1,"1",NA,"22","17","621","147","426","48","2"
"127",127,"Emeryville3","11,549","153",1,"3",NA,"74","75","1,997","120","1,729","148","1"
"128",128,"Encinitas","62,909","126",0,"13",NA,"27","86","986","186","712","88","3"
"129",129,"Escalon","7,449","11",0,"0",NA,"1","10","167","37","117","13","0"
"130",130,"Escondido","151,732","529",7,"48",NA,"176","298","3,393","479","2,308","606","15"
"131",131,"Etna3","705","1",0,"0",NA,"0","1","4","0","3","1","0"
"132",132,"Eureka3","26,858","166",3,"23",NA,"58","82","1,801","335","1,272","194","30"
"133",133,"Exeter3","10,611","26",0,"1",NA,"7","18","349","118","197","34","7"
"134",134,"Fairfax","7,686","13",0,"6",NA,"1","6","104","19","79","6","1"
"135",135,"Fairfield","112,582","486",8,"46",NA,"167","265","3,429","456","2,406","567","30"
"136",136,"Farmersville","10,835","32",0,"1",NA,"10","21","162","41","99","22","0"
"137",137,"Ferndale3","1,362","1",0,"0",NA,"0","1","12","4","7","1","0"
"138",138,"Fillmore","15,519","82",1,"10",NA,"6","65","142","40","80","22","5"
"139",139,"Firebaugh","8,484","53",0,"15",NA,"1","37","97","23","64","10","1"
"140",140,"Folsom","76,183","71",1,"15",NA,"15","40","1,185","210","899","76","6"
"141",141,"Fontana","206,982","804",3,"46",NA,"213","542","4,269","764","2,474","1,031","12"
"142",142,"Fort Bragg","7,310","33",0,"3",NA,"4","26","257","30","210","17","3"
"143",143,"Fort Jones3","680","2",0,"1",NA,"0","1","11","6","5","0","0"
"144",144,"Fortuna3","11,876","36",0,"4",NA,"5","27","571","89","445","37","5"
"145",145,"Foster City3","33,313","20",1,"1",NA,"2","16","302","80","197","25","0"
"146",146,"Fountain Valley3","57,392","66",1,"2",NA,"24","39","1,517","268","1,120","129","1"
"147",147,"Fowler","6,144","46",0,"2",NA,"10","34","135","46","59","30","4"
"148",148,"Fremont","232,427","337",2,"49",NA,"151","135","4,371","913","2,755","703","14"
"149",149,"Fresno","520,837","2,871",39,"167",NA,"1,012","1,653","21,606","4,429","14,184","2,993","255"
"150",150,"Fullerton3","140,771","389",0,"66",NA,"110","213","3,893","468","2,958","467","15"
"151",151,"Galt","25,106","70",1,"13",NA,"11","45","606","94","461","51","5"
"152",152,"Gardena3","60,782","301",6,"24",NA,"149","122","1,519","319","841","359","9"
"153",153,"Garden Grove3","176,041","504",4,"41",NA,"155","304","4,433","885","2,899","649","25"
"154",154,"Gilroy","53,467","192",2,"31",NA,"48","111","1,777","262","1,228","287","16"
"155",155,"Glendale3","202,298","195",5,"17",NA,"75","98","3,513","530","2,630","353","6"
"156",156,"Glendora3","51,753","55",0,"6",NA,"25","24","1,336","183","1,093","60","4"
"157",157,"Goleta","31,011","47",0,"9",NA,"12","26","449","110","305","34","2"
"158",158,"Gonzales","8,507","39",0,"2",NA,"4","33","121","32","56","33","0"
"159",159,"Grand Terrace","12,502","27",1,"1",NA,"13","12","276","74","150","52","2"
"160",160,"Grass Valley","12,883","115",0,"3",NA,"9","103","667","123","484","60","5"
"161",161,"Greenfield","17,061","101",2,"3",NA,"26","70","324","88","144","92","5"
"162",162,"Gridley3","6,580","113",0,"9",NA,"2","102","196","54","124","18","2"
"163",163,"Grover Beach3","13,589","33",0,"4",NA,"7","22","345","67","242","36","2"
"164",164,"Guadalupe","7,318","9",0,"1",NA,"1","7","100","26","63","11","0"
"165",165,"Gustine","5,726","25",0,"1",NA,"1","23","142","52","70","20","0"
"166",166,"Hanford3","55,299","315",1,"23",NA,"58","233","2,012","275","1,504","233","5"
"167",167,"Hawaiian Gardens","14,629","86",2,"2",NA,"24","58","318","66","191","61","3"
"168",168,"Hawthorne3","88,410","628",6,"35",NA,"246","341","2,482","479","1,468","535","8"
"169",169,"Hayward","157,157","556",10,"71",NA,"298","177","4,483","729","2,366","1,388","30"
"170",170,"Healdsburg3","11,744","16",0,"4",NA,"0","12","239","37","190","12","0"
"171",171,"Hemet","84,030","605",10,"33",NA,"174","388","3,768","908","2,306","554","10"
"172",172,"Hercules","25,326","31",1,"1",NA,"12","17","392","113","214","65","0"
"173",173,"Hermosa Beach3","19,986","44",0,"7",NA,"12","25","585","121","423","41","0"
"174",174,"Hesperia","93,348","302",3,"18",NA,"83","198","2,227","574","1,275","378","17"
"175",175,"Hidden Hills","1,935","1",0,"0",NA,"0","1","8","1","6","1","0"
"176",176,"Highland","55,011","202",2,"20",NA,"58","122","1,242","407","534","301","20"
"177",177,"Hillsborough","11,559","1",0,"1",NA,"0","0","126","64","55","7","0"
"178",178,"Hollister","37,604","137",0,"16",NA,"19","102","530","117","316","97","4"
"179",179,"Holtville3","6,376","15",0,"0",NA,"2","13","100","26","72","2","0"
"180",180,"Hughson3","7,377","13",0,"0",NA,"1","12","154","39","79","36","3"
"181",181,"Huntington Beach","203,233","420",0,"52",NA,"117","251","4,942","723","3,846","373","23"
"182",182,"Huntington Park","59,668","386",1,"35",NA,"177","173","2,027","176","1,055","796","14"
"183",183,"Huron","6,818","38",1,"1",NA,"9","27","75","14","40","21","5"
"184",184,"Imperial3","17,338","5",0,"1",NA,"0","4","54","2","47","5","0"
"185",185,"Imperial Beach","27,341","88",0,"5",NA,"16","67","359","76","214","69","1"
"186",186,"Indian Wells","5,279","5",0,"0",NA,"0","5","150","33","105","12","0"
"187",187,"Indio","87,195","585",5,"28",NA,"128","424","2,112","454","1,187","471","4"
"188",188,"Industry","206","68",0,"1",NA,"29","38","1,050","154","718","178","4"
"189",189,"Inglewood3","112,450","775",7,"44",NA,"358","366","2,612","523","1,406","683","12"
"190",190,"Ione","6,804","7",0,"1",NA,"0","6","50","9","36","5","0"
"191",191,"Irvine3","258,198","144",2,"27",NA,"57","58","3,868","523","3,144","201","8"
"192",192,"Irwindale3","1,433","27",1,"0",NA,"8","18","166","38","109","19","2"
"193",193,"Isleton","834","4",0,"0",NA,"1","3","26","13","13","0","0"
"194",194,"Jackson3","4,593","15",0,"0",NA,"1","14","134","46","79","9","1"
"195",195,"Jurupa Valley","99,706","260",6,"5",NA,"91","158","2,860","443","1,579","838","15"
"196",196,"Kensington","5,329","1",0,"0",NA,"0","1","86","21","52","13","0"
"197",197,"Kerman","14,595","33",0,"0",NA,"6","27","394","68","296","30","0"
"198",198,"King City","13,755","61",2,"8",NA,"8","43","213","48","110","55","2"
"199",199,"Kingsburg","11,813","28",0,"2",NA,"8","18","340","97","165","78","0"
"200",200,"La Canada Flintridge","20,763","20",1,"7",NA,"6","6","287","106","169","12","0"
"201",201,"Lafayette","25,886","14",0,"2",NA,"5","7","523","49","433","41","0"
"202",202,"Laguna Beach3","23,485","76",0,"8",NA,"12","56","558","78","420","60","3"
"203",203,"Laguna Hills","31,139","43",0,"8",NA,"13","22","522","80","396","46","1"
"204",204,"Laguna Niguel","66,035","49",2,"6",NA,"12","29","691","113","529","49","1"
"205",205,"Laguna Woods3","16,501","5",0,"0",NA,"2","3","141","17","117","7","0"
"206",206,"La Habra3","62,488","104",0,"7",NA,"37","60","1,279","189","928","162","3"
"207",207,"La Habra Heights","5,500","2",0,"1",NA,"0","1","55","20","32","3","0"
"208",208,"Lake Elsinore","61,871","137",0,"8",NA,"49","80","1,909","253","1,352","304","2"
"209",209,"Lake Forest","80,798","109",0,"15",NA,"23","71","908","134","684","90","2"
"210",210,"Lakeport","4,781","29",0,"3",NA,"9","17","238","39","179","20","0"
"211",211,"Lake Shastina3","2,529","1",0,"0",NA,"0","1","9","0","8","1","1"
"212",212,"Lakewood","82,047","222",3,"15",NA,"93","111","2,198","378","1,515","305","4"
"213",213,"La Mesa","59,676","196",3,"15",NA,"63","115","1,740","276","1,234","230","4"
"214",214,"La Mirada","49,685","74",0,"9",NA,"22","43","857","158","576","123","2"
"215",215,"Lancaster","162,095","1,005",7,"82",NA,"326","590","3,818","1,342","1,982","494","70"
"216",216,"La Palma3","16,001","13",0,"0",NA,"7","6","304","113","170","21","0"
"217",217,"La Puente","40,958","119",0,"7",NA,"35","77","483","91","265","127","1"
"218",218,"La Quinta","40,554","80",1,"6",NA,"24","49","1,220","181","972","67","4"
"219",219,"La Verne3","32,595","68",0,"29",NA,"18","21","928","187","693","48","11"
"220",220,"Lawndale","33,605","196",0,"9",NA,"62","125","502","114","284","104","2"
"221",221,"Lemon Grove","26,798","161",0,"12",NA,"53","96","494","51","351","92","2"
"222",222,"Lemoore3","25,348","118",0,"17",NA,"19","82","700","160","440","100","12"
"223",223,"Lincoln","46,663","28",0,"6",NA,"10","12","646","127","455","64","1"
"224",224,"Lindsay3","13,579","59",1,"4",NA,"14","40","280","63","146","71","5"
"225",225,"Livermore","88,316","233",3,"20",NA,"43","167","2,113","255","1,596","262","28"
"226",226,"Livingston","14,007","58",1,"6",NA,"11","40","360","79","204","77","2"
"227",227,"Lodi3","64,369","377",4,"12",NA,"94","267","2,093","410","1,243","440","8"
"228",228,"Loma Linda","23,985","27",0,"3",NA,"7","17","738","184","396","158","1"
"229",229,"Lomita","20,893","67",1,"5",NA,"17","44","401","80","277","44","2"
"230",230,"Long Beach","476,318","2,766",36,"177",NA,"1,054","1,499","14,337","3,094","8,413","2,830","69"
"231",231,"Los Alamitos3","11,789","18",1,"3",NA,"10","4","224","52","121","51","2"
"232",232,"Los Altos","30,598","6",0,"4",NA,"1","1","333","120","194","19","0"
"233",233,"Los Altos Hills","8,485","1",0,"0",NA,"1","0","60","24","32","4","2"
"234",234,"Los Angeles","3,962,726","25,156",282,"2,209",NA,"8,952","13,713","93,503","16,160","61,191","16,152","1,131"
"235",235,"Los Banos","37,395","131",1,"4",NA,"38","88","1,357","307","805","245","10"
"236",236,"Los Gatos","31,044","31",0,"7",NA,"14","10","701","149","494","58","5"
"237",237,"Lynwood","72,398","414",5,"18",NA,"149","242","1,419","293","484","642","16"
"238",238,"Madera","64,127","450",3,"18",NA,"94","335","1,922","462","1,135","325","4"
"239",239,"Malibu","13,033","25",0,"8",NA,"7","10","360","84","255","21","1"
"240",240,"Mammoth Lakes","7,955","14",0,"2",NA,"1","11","143","25","107","11","0"
"241",241,"Manhattan Beach3","36,065","70",0,"8",NA,"36","26","947","206","697","44","2"
"242",242,"Manteca","75,019","213",5,"10",NA,"82","116","2,449","420","1,624","405","20"
"243",243,"Marina","21,094","51",3,"5",NA,"21","22","543","84","391","68","3"
"244",244,"Martinez","37,923","51",0,"4",NA,"22","25","954","164","570","220","0"
"245",245,"Marysville","12,264","85",2,"7",NA,"23","53","482","78","311","93","4"
"246",246,"Maywood","28,070","73",2,"6",NA,"18","47","358","39","175","144","3"
"247",247,"McFarland","13,848","61",1,"10",NA,"6","44","275","71","103","101","10"
"248",248,"Menifee","87,051","125",2,"0",NA,"45","78","1,799","290","1,201","308","0"
"249",249,"Mendota","11,470","90",2,"2",NA,"9","77","307","62","132","113","7"
"250",250,"Menlo Park3","33,619","32",0,"9",NA,"6","17","616","143","448","25","1"
"251",251,"Merced","82,409","763",11,"31",NA,"151","570","2,760","588","1,608","564","81"
"252",252,"Mill Valley","14,527","4",0,"0",NA,"2","2","221","47","159","15","1"
"253",253,"Milpitas","75,520","77",1,"9",NA,"37","30","1,966","277","1,424","265","11"
"254",254,"Mission Viejo","98,217","86",1,"14",NA,"32","39","1,090","155","859","76","7"
"255",255,"Modesto","210,794","2,025",25,"85",NA,"488","1,427","10,123","1,639","6,749","1,735","66"
"256",256,"Monrovia","37,618","47",2,"4",NA,"19","22","702","103","504","95","3"
"257",257,"Montague3","1,385","1",0,"0",NA,"0","1","19","6","12","1","0"
"258",258,"Montclair","38,899","221",4,"20",NA,"76","121","1,740","254","1,105","381","11"
"259",259,"Montebello3","64,280","158",3,"6",NA,"73","76","1,682","582","597","503","20"
"260",260,"Monterey","28,491","136",3,"13",NA,"42","78","998","167","755","76","5"
"261",261,"Monterey Park3","61,750","103",0,"6",NA,"57","40","1,349","378","728","243","3"
"262",262,"Monte Sereno","3,582","0",0,"0",NA,"0","0","41","10","28","3","0"
"263",263,"Moorpark","35,804","35",0,"4",NA,"7","24","336","78","233","25","1"
"264",264,"Moraga","17,284","7",0,"1",NA,"2","4","202","41","136","25","1"
"265",265,"Moreno Valley","205,182","643",6,"33",NA,"275","329","6,663","1,190","4,312","1,161","13"
"266",266,"Morgan Hill3","43,154","71",1,"4",NA,"16","50","730","100","520","110","3"
"267",267,"Morro Bay","10,620","46",0,"3",NA,"4","39","276","54","211","11","0"
"268",268,"Mountain View","80,705","164",0,"10",NA,"31","123","2,030","327","1,561","142","7"
"269",269,"Mount Shasta3","3,258","4",0,"0",NA,"2","2","50","6","40","4","1"
"270",270,"Murrieta","109,495","69",0,"6",NA,"30","33","1,700","287","1,173","240","12"
"271",271,"Napa","80,749","298",0,"38",NA,"30","230","1,412","355","905","152","6"
"272",272,"National City","60,768","327",2,"16",NA,"142","167","1,449","183","942","324","14"
"273",273,"Needles","4,998","25",1,"2",NA,"4","18","185","80","82","23","5"
"274",274,"Nevada City3","3,020","14",0,"2",NA,"2","10","109","27","68","14","3"
"275",275,"Newark","45,258","101",1,"8",NA,"54","38","1,168","287","701","180","8"
"276",276,"Newman","10,881","16",0,"2",NA,"2","12","147","29","86","32","0"
"277",277,"Newport Beach","87,749","112",2,"20",NA,"24","66","2,181","394","1,652","135","4"
"278",278,"Norco","26,925","49",0,"4",NA,"19","26","709","135","505","69","0"
"279",279,"Norwalk","107,470","400",9,"33",NA,"131","227","1,910","395","1,087","428","6"
"280",280,"Novato","55,782","103",2,"9",NA,"27","65","1,032","219","676","137","18"
"281",281,"Oakdale","22,137","43",0,"6",NA,"14","23","861","167","628","66","6"
"282",282,"Oakland","419,481","6,051",85,"285",NA,"3,290","2,391","24,568","3,333","14,846","6,389","179"
"283",283,"Oakley","40,163","68",2,"6",NA,"21","39","592","91","305","196","4"
"284",284,"Oceanside","176,319","702",9,"68",NA,"216","409","4,597","589","3,541","467","15"
"285",285,"Ojai","7,665","7",0,"0",NA,"1","6","66","15","49","2","0"
"286",286,"Ontario","170,274","547",3,"31",NA,"217","296","5,169","897","3,206","1,066","32"
"287",287,"Orange3","140,572","172",7,"11",NA,"62","92","2,897","525","2,016","356","8"
"288",288,"Orange Cove","9,715","15",1,"0",NA,"5","9","150","41","62","47","0"
"289",289,"Orinda","19,311","5",0,"0",NA,"3","2","229","50","164","15","0"
"290",290,"Orland3","7,549","22",2,"1",NA,"4","15","119","27","76","16","0"
"291",291,"Oroville3","16,289","108",0,"17",NA,"31","60","1,143","264","710","169","4"
"292",292,"Oxnard","207,221","920",12,"21",NA,"385","502","6,696","1,103","4,758","835","24"
"293",293,"Pacifica","39,531","68",0,"18",NA,"17","33","703","138","492","73","3"
"294",294,"Pacific Grove","15,734","7",0,"1",NA,"3","3","288","51","219","18","0"
"295",295,"Palmdale","159,613","830",7,"44",NA,"251","528","2,988","803","1,730","455","22"
"296",296,"Palm Desert","51,847","117",0,"3",NA,"41","73","2,299","375","1,788","136","3"
"297",297,"Palm Springs","47,388","279",3,"24",NA,"84","168","3,029","898","1,790","341","10"
"298",298,"Palo Alto3","67,560","68",2,"13",NA,"26","27","1,704","213","1,405","86","6"
"299",299,"Palos Verdes Estates","13,739","7",0,"1",NA,"4","2","169","82","78","9","2"
"300",300,"Paradise3","26,514","52",1,"9",NA,"11","31","521","212","245","64","5"
"301",301,"Paramount","55,727","283",1,"10",NA,"121","151","1,692","246","956","490","3"
"302",302,"Parlier","15,106","95",1,"11",NA,"8","75","240","76","109","55","14"
"303",303,"Pasadena3","141,815","428",4,"57",NA,"131","236","3,693","830","2,540","323","45"
"304",304,"Paso Robles3","31,659","62",0,"4",NA,"12","46","1,106","169","848","89","1"
"305",305,"Patterson3","21,410","50",0,"2",NA,"16","32","498","132","250","116","3"
"306",306,"Perris","75,036","178",3,"1",NA,"76","98","1,833","323","1,025","485","2"
"307",307,"Petaluma","60,450","244",0,"39",NA,"42","163","1,338","206","1,046","86","14"
"308",308,"Pico Rivera","64,551","199",4,"16",NA,"74","105","1,451","263","803","385","10"
"309",309,"Piedmont","11,372","12",0,"3",NA,"2","7","206","51","117","38","0"
"310",310,"Pinole","19,284","72",0,"0",NA,"30","42","885","109","702","74","2"
"311",311,"Pismo Beach3","7,998","20",0,"5",NA,"5","10","527","142","361","24","2"
"312",312,"Pittsburg","69,340","225",5,"23",NA,"127","70","2,416","461","1,152","803","12"
"313",313,"Placentia3","52,753","76",0,"5",NA,"17","54","746","132","518","96","1"
"314",314,"Placerville3","10,601","21",0,"3",NA,"2","16","322","53","219","50","0"
"315",315,"Pleasant Hill","34,829","74",0,"2",NA,"42","30","1,888","215","1,499","174","8"
"316",316,"Pleasanton","79,611","86",0,"13",NA,"40","33","1,644","232","1,253","159","5"
"317",317,"Pomona3","154,410","792",10,"72",NA,"291","419","4,507","692","2,559","1,256","39"
"318",318,"Porterville","55,760","186",2,"12",NA,"41","131","1,384","314","844","226","1"
"319",319,"Port Hueneme","22,249","61",2,"11",NA,"24","24","453","109","281","63","3"
"320",320,"Poway","50,327","44",1,"6",NA,"13","24","512","115","367","30","2"
"321",321,"Rancho Cordova","70,955","344",5,"17",NA,"104","218","1,726","346","1,183","197","1"
"322",322,"Rancho Cucamonga","176,376","264",3,"36",NA,"97","128","3,936","930","2,569","437","6"
"323",323,"Rancho Mirage","18,156","41",0,"4",NA,"6","31","769","177","531","61","0"
"324",324,"Rancho Palos Verdes","42,993","41",1,"4",NA,"12","24","551","207","305","39","2"
"325",325,"Rancho Santa Margarita","49,719","44",0,"8",NA,"9","27","303","45","249","9","1"
"326",326,"Red Bluff","14,045","118",0,"13",NA,"25","80","995","221","675","99","3"
"327",327,"Redding","92,020","614",2,"50",NA,"145","417","4,169","769","2,888","512","11"
"328",328,"Redlands","71,078","212",2,"34",NA,"74","102","3,211","514","2,264","433","14"
"329",329,"Redondo Beach","68,492","185",2,"19",NA,"70","94","1,757","348","1,244","165","0"
"330",330,"Redwood City","84,415","190",1,"28",NA,"88","73","1,842","362","1,274","206","10"
"331",331,"Reedley","25,711","174",1,"17",NA,"16","140","482","138","254","90","3"
"332",332,"Rialto","103,590","423",3,"34",NA,"153","233","2,218","684","813","721","11"
"333",333,"Ridgecrest","28,989","136",1,"15",NA,"19","101","583","160","372","51","8"
"334",334,"Rio Dell3","3,378","10",0,"0",NA,"3","7","59","19","24","16","0"
"335",335,"Rio Vista","8,250","32",0,"0",NA,"0","32","108","31","64","13","0"
"336",336,"Ripon","15,126","16",0,"4",NA,"4","8","244","25","186","33","0"
"337",337,"Riverbank3","24,061","35",1,"3",NA,"16","15","616","130","443","43","0"
"338",338,"Riverside","323,064","1,441",10,"137",NA,"520","774","10,531","1,633","7,144","1,754","71"
"339",339,"Rocklin","61,105","64",0,"19",NA,"19","26","1,203","164","938","101","7"
"340",340,"Rohnert Park","42,622","207",0,"23",NA,"46","138","1,028","168","712","148","7"
"341",341,"Rolling Hills","1,912","1",0,"0",NA,"0","1","13","9","4","0","0"
"342",342,"Rolling Hills Estates","8,296","9",0,"0",NA,"4","5","109","48","56","5","1"
"343",343,"Rosemead","55,231","155",2,"9",NA,"73","71","1,247","269","657","321","4"
"344",344,"Roseville","131,039","239",0,"23",NA,"84","132","3,295","521","2,469","305","10"
"345",345,"Ross","2,500","0",0,"0",NA,"0","0","39","15","21","3","0"
"346",346,"Sacramento","489,717","3,611",43,"105",NA,"1,174","2,289","16,501","3,713","9,865","2,923","140"
"347",347,"Salinas","158,185","1,098",40,"76",NA,"369","613","4,145","679","1,534","1,932","19"
"348",348,"San Bernardino","216,477","2,697",44,"98",NA,"968","1,587","10,390","3,164","4,210","3,016","65"
"349",349,"San Bruno","43,499","105",0,"11",NA,"29","65","1,108","166","803","139","6"
"350",350,"San Clemente","65,755","79",1,"19",NA,"16","43","771","163","534","74","7"
"351",351,"Sand City","339","13",2,"1",NA,"5","5","136","5","122","9","1"
"352",352,"San Diego","1,400,467","5,582",37,"566",NA,"1,378","3,601","29,158","5,129","18,933","5,096","174"
"353",353,"San Dimas","34,955","81",1,"7",NA,"29","44","679","117","499","63","4"
"354",354,"San Fernando3","24,823","94",0,"4",NA,"32","58","509","126","263","120","0"
"355",355,"San Francisco","863,782","6,710",53,"344",NA,"3,610","2,703","53,019","5,186","40,918","6,915","272"
"356",356,"San Gabriel3","40,714","89",1,"4",NA,"40","44","635","130","419","86","6"
"357",357,"Sanger","24,933","120",1,"13",NA,"21","85","638","133","433","72","4"
"358",358,"San Jacinto","47,022","133",0,"5",NA,"51","77","1,697","369","1,086","242","4"
"359",359,"San Jose","1,031,458","3,400",30,"375",NA,"1,140","1,855","25,035","4,896","13,138","7,001","93"
"360",360,"San Juan Capistrano","36,666","66",0,"12",NA,"15","39","429","94","282","53","1"
"361",361,"San Leandro","90,438","412",1,"23",NA,"220","168","3,432","501","2,028","903","11"
"362",362,"San Luis Obispo","47,116","193",0,"34",NA,"13","146","1,844","245","1,501","98","44"
"363",363,"San Marcos","95,314","171",3,"17",NA,"34","117","1,516","277","996","243","2"
"364",364,"San Marino3","13,491","17",0,"1",NA,"4","12","225","81","132","12","1"
"365",365,"San Mateo","104,306","266",2,"11",NA,"62","191","2,045","726","1,114","205","8"
"366",366,"San Pablo","30,290","230",2,"8",NA,"113","107","1,265","395","456","414","6"
"367",367,"San Rafael","59,598","236",0,"27",NA,"85","124","1,887","267","1,268","352","10"
"368",368,"San Ramon","76,081","27",0,"4",NA,"13","10","895","146","654","95","9"
"369",369,"Santa Ana3","337,304","1,626",12,"154",NA,"523","937","7,270","909","4,494","1,867","37"
"370",370,"Santa Barbara3","91,877","363",1,"62",NA,"76","224","2,717","374","2,209","134","20"
"371",371,"Santa Clara","123,562","156",1,"20",NA,"71","64","3,579","583","2,598","398","10"
"372",372,"Santa Clarita","211,132","351",7,"34",NA,"124","186","2,925","656","1,971","298","21"
"373",373,"Santa Cruz3","64,076","499",2,"44",NA,"116","337","3,561","431","2,831","299","25"
"374",374,"Santa Fe Springs3","17,867","85",1,"4",NA,"42","38","1,254","161","877","216","5"
"375",375,"Santa Maria","104,355","463",13,"50",NA,"133","267","2,975","595","1,727","653","7"
"376",376,"Santa Monica","93,796","445",1,"42",NA,"172","230","3,834","660","2,953","221","24"
"377",377,"Santa Paula3","30,710","96",1,"11",NA,"16","68","406","101","255","50","4"
"378",378,"Santa Rosa3","175,738","606",4,"89",NA,"131","382","4,311","639","3,223","449","41"
"379",379,"Santee","57,934","86",1,"11",NA,"21","53","870","116","694","60","3"
"380",380,"Saratoga","31,239","18",1,"6",NA,"2","9","336","155","170","11","6"
"381",381,"Sausalito","7,182","14",1,"0",NA,"2","11","254","22","220","12","1"
"382",382,"Scotts Valley3","11,926","22",0,"3",NA,"5","14","306","90","206","10","3"
"383",383,"Seal Beach3","24,800","24",0,"1",NA,"5","18","594","80","478","36","0"
"384",384,"Seaside","34,459","97",0,"7",NA,"27","63","544","92","381","71","5"
"385",385,"Sebastopol3","7,725","8",0,"1",NA,"0","7","153","27","116","10","0"
"386",386,"Selma","24,532","188",4,"16",NA,"34","134","1,060","208","633","219","0"
"387",387,"Shafter","17,690","63",1,"6",NA,"11","45","618","180","296","142","14"
"388",388,"Sierra Madre","11,226","11",0,"1",NA,"3","7","117","48","59","10","2"
"389",389,"Signal Hill","11,655","58",1,"6",NA,"31","20","784","102","592","90","2"
"390",390,"Simi Valley3","127,472","174",1,"24",NA,"45","104","1,513","255","1,146","112","6"
"391",391,"Solana Beach","13,448","15",0,"1",NA,"2","12","290","67","191","32","2"
"392",392,"Soledad","25,170","53",3,"3",NA,"4","43","302","105","118","79","4"
"393",393,"Solvang","5,571","11",0,"0",NA,"3","8","81","30","46","5","0"
"394",394,"Sonoma3","11,107","32",0,"1",NA,"1","30","222","36","174","12","0"
"395",395,"Sonora3","4,779","42",0,"5",NA,"10","27","365","80","267","18","4"
"396",396,"South El Monte","20,679","125",6,"6",NA,"27","86","649","161","325","163","5"
"397",397,"South Gate3","96,775","561",2,"24",NA,"199","336","3,278","574","1,653","1,051","10"
"398",398,"South Lake Tahoe3","21,558","65",0,"5",NA,"19","41","548","105","404","39","0"
"399",399,"South Pasadena3","26,287","30",0,"3",NA,"22","5","708","141","536","31","2"
"400",400,"South San Francisco","67,843","157",1,"28",NA,"44","84","1,421","314","916","191","13"
"401",401,"Stallion Springs","2,611","3",0,"0",NA,"0","3","16","1","13","2","0"
"402",402,"Stanton","38,921","152",0,"14",NA,"60","78","770","130","457","183","2"
"403",403,"St. Helena","6,028","9",0,"1",NA,"0","8","92","19","70","3","0"
"404",404,"Stockton","304,890","4,122",49,"135",NA,"1,144","2,794","12,998","2,891","8,119","1,988","103"
"405",405,"Suisun City","29,539","81",1,"5",NA,"20","55","872","120","655","97","5"
"406",406,"Sunnyvale","152,443","158",1,"29",NA,"61","67","2,355","545","1,514","296","9"
"407",407,"Susanville3","15,045","173",0,"7",NA,"10","156","360","82","259","19","6"
"408",408,"Sutter Creek3","2,457","12",0,"2",NA,"0","10","36","3","30","3","3"
"409",409,"Taft","8,819","58",0,"1",NA,"7","50","333","79","235","19","0"
"410",410,"Tehachapi","12,971","44",0,"8",NA,"5","31","338","109","195","34","0"
"411",411,"Temecula","111,673","114",1,"8",NA,"47","58","2,917","459","2,116","342","3"
"412",412,"Temple City","36,524","66",1,"10",NA,"24","31","474","154","280","40","1"
"413",413,"Thousand Oaks","129,976","136",0,"26",NA,"23","87","1,577","234","1,241","102","9"
"414",414,"Tiburon3","9,288","9",0,"0",NA,"1","8","78","14","61","3","1"
"415",415,"Torrance3","149,243","214",2,"34",NA,"85","93","2,881","540","2,024","317","4"
"416",416,"Tracy","86,477","154",1,"19",NA,"49","85","2,417","272","1,736","409","25"
"417",417,"Truckee","16,331","20",0,"2",NA,"1","17","158","38","111","9","5"
"418",418,"Tulare","62,475","303",10,"16",NA,"46","231","2,002","398","1,299","305","0"
"419",419,"Tulelake3","983","2",0,"0",NA,"0","2","12","3","6","3","0"
"420",420,"Turlock3","71,895","380",2,"16",NA,"103","259","2,745","602","1,632","511","30"
"421",421,"Tustin3","81,953","130",1,"10",NA,"38","81","1,715","217","1,344","154","5"
"422",422,"Twentynine Palms","26,105","86",2,"8",NA,"13","63","412","139","241","32","7"
"423",423,"Ukiah","15,969","153",1,"18",NA,"20","114","520","150","331","39","7"
"424",424,"Union City","74,648","265",3,"3",NA,"87","172","1,643","305","1,024","314","6"
"425",425,"Upland","76,581","232",4,"21",NA,"79","128","2,384","570","1,489","325","3"
"426",426,"Vacaville","96,693","249",0,"20",NA,"97","132","2,159","236","1,723","200","15"
"427",427,"Vallejo","121,257","1,031",18,"102",NA,"351","560","4,986","2,352","1,536","1,098","40"
"428",428,"Ventura","110,077","374",2,"53",NA,"124","195","3,900","598","3,042","260","11"
"429",429,"Vernon3","115","28",1,"1",NA,"12","14","290","30","171","89","0"
"430",430,"Victorville","123,332","777",6,"49",NA,"229","493","4,008","1,095","2,285","628","39"
"431",431,"Villa Park","6,002","1",0,"0",NA,"1","0","83","34","47","2","0"
"432",432,"Visalia","130,405","608",6,"106",NA,"130","366","3,995","814","2,621","560","11"
"433",433,"Vista","99,097","343",2,"37",NA,"95","209","1,989","344","1,328","317","6"
"434",434,"Walnut","30,469","31",1,"1",NA,"17","12","322","143","157","22","2"
"435",435,"Walnut Creek","68,530","91",1,"2",NA,"28","60","2,540","342","1,960","238","4"
"436",436,"Waterford3","8,800","13",0,"0",NA,"0","13","124","31","60","33","0"
"437",437,"Watsonville","53,581","303",4,"33",NA,"104","162","1,930","254","1,261","415","4"
"438",438,"Weed","2,836","31",1,"3",NA,"4","23","115","23","83","9","0"
"439",439,"West Covina","109,030","263",2,"13",NA,"99","149","2,982","400","2,095","487","10"
"440",440,"West Hollywood","36,256","280",2,"19",NA,"90","169","1,400","209","1,102","89","11"
"441",441,"Westlake Village","8,522","6",0,"2",NA,"2","2","195","47","142","6","1"
"442",442,"Westminster","92,640","303",1,"22",NA,"118","162","2,950","502","2,123","325","6"
"443",443,"Westmorland3","2,278","5",0,"0",NA,"3","2","7","5","2","0","0"
"444",444,"West Sacramento","52,622","311",2,"21",NA,"90","198","1,457","256","1,030","171","6"
"445",445,"Wheatland","3,482","1",0,"0",NA,"0","1","59","14","34","11","0"
"446",446,"Whittier3","87,807","238",1,"18",NA,"90","129","2,531","319","1,797","415","11"
"447",447,"Wildomar","36,154","39",0,"7",NA,"8","24","619","143","353","123","0"
"448",448,"Williams3","5,205","10",0,"1",NA,"2","7","70","14","43","13","4"
"449",449,"Willits","4,856","66",0,"4",NA,"2","60","64","15","34","15","2"
"450",450,"Willows","6,074","40",0,"5",NA,"4","31","190","24","148","18","2"
"451",451,"Windsor","27,565","85",0,"9",NA,"16","60","352","35","300","17","5"
"452",452,"Winters","7,023","24",0,"2",NA,"1","21","111","17","80","14","1"
"453",453,"Woodlake3","7,751","39",2,"1",NA,"3","33","134","32","87","15","2"
"454",454,"Woodland","57,911","265",1,"16",NA,"51","197","1,798","326","1,230","242","15"
"455",455,"Yorba Linda","68,698","39",0,"7",NA,"7","25","650","152","463","35","1"
"456",456,"Yountville3","3,030","7",0,"0",NA,"0","7","46","7","36","3","0"
"457",457,"Yreka","7,507","47",1,"4",NA,"4","38","309","85","188","36","1"
"458",458,"Yuba City","65,974","216",0,"28",NA,"66","122","1,792","429","1,160","203","14"
"459",459,"Yucaipa","53,498","94",2,"8",NA,"22","62","1,309","263","838","208","12"
"460",460,"Yucca Valley","21,672","151",0,"8",NA,"30","113","664","217","381","66","8"
